<!DOCTYPE suite SYSTEM "http://testng.org/testng-1.0.dtd" >
<suite name="KaplanAssignment">
	<test name="kaplanTest1">
		<classes>
			<class name="com.kaplanAssignment.scripts.Exercise1" />
		</classes>
	</test>
	<test name="kaplanTest2">
		<classes>
			<class name="com.kaplanAssignment.scripts.Exercise2" />

		</classes>
	</test>
	<test name="kaplanTest3">
		<classes>
			<class name="com.kaplanAssignment.scripts.Exercise3" />

		</classes>
	</test>
	<test name="kaplanTest4">
		<classes>
			<class name="com.kaplanAssignment.scripts.Exercise4" />

		</classes>
	</test>
	
	
</suite>